Entity;Life expectancy at birth (historical)
Afghanistan;55.8
Afghanistan;56.5
Afghanistan;57.3
Afghanistan;57.9
Afghanistan;58.4
Afghanistan;58.7
Afghanistan;59.1
Afghanistan;59.9
Afghanistan;60.4
Afghanistan;60.9
Afghanistan;61.4
Afghanistan;61.9
Afghanistan;62.4
Afghanistan;62.5
Afghanistan;62.7
Afghanistan;63.1
Afghanistan;63.0
Afghanistan;63.1
Albania;75.6
Albania;75.9
Albania;76.1
Albania;76.4
Albania;76.6
Albania;76.8
Albania;77.5
Albania;77.7
Albania;77.8
Albania;77.9
Albania;78.1
Albania;78.1
Albania;78.1
Albania;78.4
Albania;78.6
Albania;78.9
Albania;79.0
Albania;79.2
Algeria;70.8
Algeria;71.2
Algeria;71.3
Algeria;71.8
Algeria;72.1
Algeria;72.3
Algeria;72.6
Algeria;72.9
Algeria;73.6
Algeria;73.8
Algeria;74.1
Algeria;74.2
Algeria;74.6
Algeria;75.1
Algeria;75.6
Algeria;75.7
Algeria;75.7
Algeria;76.1
Angola;46.6
Angola;47.4
Angola;49.6
Angola;50.6
Angola;51.6
Angola;52.4
Angola;53.6
Angola;54.6
Angola;55.8
Angola;56.7
Angola;57.6
Angola;58.6
Angola;59.3
Angola;60.0
Angola;60.7
Angola;61.1
Angola;61.7
Angola;62.1
Argentina;74.2
Argentina;74.4
Argentina;74.1
Argentina;74.9
Argentina;75.1
Argentina;75.4
Argentina;75.0
Argentina;75.6
Argentina;75.9
Argentina;75.7
Argentina;76.1
Argentina;76.5
Argentina;76.5
Argentina;76.8
Argentina;76.8
Argentina;76.3
Argentina;76.8
Argentina;77.0
Armenia;70.9
Armenia;71.0
Armenia;71.4
Armenia;71.4
Armenia;71.8
Armenia;72.0
Armenia;72.3
Armenia;72.4
Armenia;72.8
Armenia;73.2
Armenia;73.3
Armenia;73.5
Armenia;73.7
Armenia;74.1
Armenia;74.4
Armenia;74.7
Armenia;74.9
Armenia;75.1
Australia;80.0
Australia;80.1
Australia;80.5
Australia;80.8
Australia;81.1
Australia;81.3
Australia;81.3
Australia;81.5
Australia;81.8
Australia;82.1
Australia;82.1
Australia;82.3
Australia;82.6
Australia;82.6
Australia;82.7
Australia;82.9
Australia;83.0
Australia;83.4
Austria;78.7
Austria;78.8
Austria;78.8
Austria;79.4
Austria;79.5
Austria;80.0
Austria;80.2
Austria;80.4
Austria;80.2
Austria;80.5
Austria;80.8
Austria;80.8
Austria;81.1
Austria;81.4
Austria;81.2
Austria;81.6
Austria;81.6
Austria;81.7
Azerbaijan;65.5
Azerbaijan;66.2
Azerbaijan;66.8
Azerbaijan;67.3
Azerbaijan;67.6
Azerbaijan;68.2
Azerbaijan;68.6
Azerbaijan;68.8
Azerbaijan;69.4
Azerbaijan;69.5
Azerbaijan;70.0
Azerbaijan;70.4
Azerbaijan;70.9
Azerbaijan;71.1
Azerbaijan;71.5
Azerbaijan;72.0
Azerbaijan;72.2
Azerbaijan;72.8
Bangladesh;66.1
Bangladesh;66.6
Bangladesh;66.8
Bangladesh;67.2
Bangladesh;67.3
Bangladesh;67.2
Bangladesh;66.7
Bangladesh;67.1
Bangladesh;67.4
Bangladesh;68.6
Bangladesh;68.8
Bangladesh;69.6
Bangladesh;69.6
Bangladesh;70.0
Bangladesh;70.5
Bangladesh;71.1
Bangladesh;71.8
Bangladesh;72.6
Barbados;74.2
Barbados;74.4
Barbados;74.5
Barbados;74.7
Barbados;74.9
Barbados;75.1
Barbados;75.3
Barbados;75.4
Barbados;75.7
Barbados;75.7
Barbados;75.9
Barbados;76.1
Barbados;76.3
Barbados;76.5
Barbados;76.7
Barbados;76.8
Barbados;76.9
Barbados;77.1
Belarus;68.9
Belarus;68.5
Belarus;68.9
Belarus;69.4
Belarus;69.4
Belarus;70.0
Belarus;70.8
Belarus;70.9
Belarus;71.1
Belarus;71.1
Belarus;71.5
Belarus;72.6
Belarus;73.0
Belarus;73.6
Belarus;74.0
Belarus;74.3
Belarus;74.5
Belarus;74.6
Belgium;78.1
Belgium;78.2
Belgium;78.3
Belgium;79.0
Belgium;79.1
Belgium;79.4
Belgium;79.5
Belgium;79.6
Belgium;79.8
Belgium;80.0
Belgium;80.4
Belgium;80.3
Belgium;80.5
Belgium;81.1
Belgium;80.9
Belgium;81.3
Belgium;81.4
Belgium;81.5
Belize;68.4
Belize;68.8
Belize;68.9
Belize;69.2
Belize;69.4
Belize;70.1
Belize;70.7
Belize;71.2
Belize;71.8
Belize;72.3
Belize;72.7
Belize;73.2
Belize;73.7
Belize;73.3
Belize;73.2
Belize;73.4
Belize;73.6
Belize;73.7
Benin;56.7
Benin;56.6
Benin;56.7
Benin;56.8
Benin;57.1
Benin;57.5
Benin;57.7
Benin;57.9
Benin;58.0
Benin;58.4
Benin;58.5
Benin;58.7
Benin;59.0
Benin;59.1
Benin;59.4
Benin;59.5
Benin;59.9
Benin;60.1
Bolivia;62.8
Bolivia;63.3
Bolivia;63.6
Bolivia;64.0
Bolivia;64.4
Bolivia;64.8
Bolivia;65.0
Bolivia;65.4
Bolivia;65.9
Bolivia;66.2
Bolivia;66.5
Bolivia;66.7
Bolivia;67.0
Bolivia;67.2
Bolivia;67.3
Bolivia;67.6
Bolivia;67.7
Bolivia;67.7
Bosnia and Herzegovina;75.1
Bosnia and Herzegovina;74.6
Bosnia and Herzegovina;75.8
Bosnia and Herzegovina;76.1
Bosnia and Herzegovina;75.4
Bosnia and Herzegovina;76.2
Bosnia and Herzegovina;76.2
Bosnia and Herzegovina;76.8
Bosnia and Herzegovina;77.0
Bosnia and Herzegovina;77.1
Bosnia and Herzegovina;77.0
Bosnia and Herzegovina;77.2
Bosnia and Herzegovina;76.3
Bosnia and Herzegovina;75.7
Bosnia and Herzegovina;76.2
Bosnia and Herzegovina;76.8
Bosnia and Herzegovina;76.9
Bosnia and Herzegovina;77.1
Botswana;50.7
Botswana;50.6
Botswana;50.9
Botswana;51.6
Botswana;52.6
Botswana;53.9
Botswana;55.7
Botswana;57.1
Botswana;58.3
Botswana;60.0
Botswana;60.5
Botswana;60.8
Botswana;62.0
Botswana;62.6
Botswana;63.8
Botswana;65.5
Botswana;66.8
Botswana;65.4
Brazil;70.2
Brazil;70.4
Brazil;70.7
Brazil;71.1
Brazil;71.8
Brazil;72.0
Brazil;72.4
Brazil;72.7
Brazil;72.9
Brazil;73.2
Brazil;73.3
Brazil;73.6
Brazil;73.9
Brazil;74.3
Brazil;74.3
Brazil;74.4
Brazil;74.8
Brazil;75.1
Brunei;74.3
Brunei;74.4
Brunei;74.6
Brunei;74.6
Brunei;74.7
Brunei;74.8
Brunei;74.8
Brunei;74.8
Brunei;74.8
Brunei;74.8
Brunei;74.9
Brunei;74.8
Brunei;74.8
Brunei;74.8
Brunei;74.7
Brunei;74.7
Brunei;74.7
Brunei;74.7
Bulgaria;71.9
Bulgaria;72.2
Bulgaria;72.4
Bulgaria;72.6
Bulgaria;72.6
Bulgaria;72.7
Bulgaria;73.0
Bulgaria;73.4
Bulgaria;73.7
Bulgaria;73.8
Bulgaria;74.2
Bulgaria;74.4
Bulgaria;74.8
Bulgaria;74.5
Bulgaria;74.6
Bulgaria;74.8
Bulgaria;74.8
Bulgaria;74.9
Burkina Faso;51.1
Burkina Faso;51.3
Burkina Faso;51.8
Burkina Faso;52.4
Burkina Faso;53.1
Burkina Faso;53.7
Burkina Faso;54.4
Burkina Faso;55.3
Burkina Faso;56.0
Burkina Faso;56.5
Burkina Faso;57.1
Burkina Faso;57.6
Burkina Faso;57.8
Burkina Faso;58.4
Burkina Faso;58.8
Burkina Faso;59.3
Burkina Faso;59.5
Burkina Faso;60.0
Cambodia;60.0
Cambodia;61.2
Cambodia;62.5
Cambodia;63.6
Cambodia;64.3
Cambodia;65.1
Cambodia;65.7
Cambodia;66.5
Cambodia;67.4
Cambodia;67.7
Cambodia;68.4
Cambodia;68.9
Cambodia;69.3
Cambodia;69.7
Cambodia;69.9
Cambodia;70.2
Cambodia;70.5
Cambodia;70.6
Cameroon;53.1
Cameroon;53.4
Cameroon;53.9
Cameroon;54.2
Cameroon;54.4
Cameroon;54.9
Cameroon;55.2
Cameroon;55.7
Cameroon;56.1
Cameroon;56.6
Cameroon;57.1
Cameroon;57.8
Cameroon;58.5
Cameroon;58.9
Cameroon;59.7
Cameroon;60.2
Cameroon;60.8
Cameroon;61.2
Canada;79.5
Canada;79.6
Canada;79.7
Canada;80.0
Canada;80.1
Canada;80.5
Canada;80.5
Canada;80.7
Canada;81.1
Canada;81.3
Canada;81.5
Canada;81.7
Canada;81.8
Canada;81.9
Canada;81.9
Canada;82.0
Canada;82.0
Canada;82.1
Central African Republic;45.4
Central African Republic;45.4
Central African Republic;45.8
Central African Republic;46.0
Central African Republic;46.4
Central African Republic;46.9
Central African Republic;47.4
Central African Republic;48.0
Central African Republic;48.6
Central African Republic;49.3
Central African Republic;49.9
Central African Republic;50.7
Central African Republic;50.9
Central African Republic;50.6
Central African Republic;52.8
Central African Republic;53.5
Central African Republic;53.7
Central African Republic;54.4
Chad;47.8
Chad;47.9
Chad;48.2
Chad;48.2
Chad;48.3
Chad;48.3
Chad;48.8
Chad;49.0
Chad;49.2
Chad;49.6
Chad;50.0
Chad;50.5
Chad;50.8
Chad;51.2
Chad;51.6
Chad;52.1
Chad;52.3
Chad;52.8
Chile;76.8
Chile;77.4
Chile;77.4
Chile;77.6
Chile;78.0
Chile;78.3
Chile;77.8
Chile;78.5
Chile;78.7
Chile;78.5
Chile;79.1
Chile;79.0
Chile;79.3
Chile;79.5
Chile;79.7
Chile;80.1
Chile;80.4
Chile;80.1
China;72.6
China;73.0
China;73.4
China;73.7
China;74.1
China;74.5
China;74.8
China;74.9
China;75.3
China;75.6
China;75.9
China;76.2
China;76.5
China;76.7
China;77.0
China;77.2
China;77.2
China;77.7
Colombia;71.5
Colombia;71.9
Colombia;72.4
Colombia;72.7
Colombia;73.1
Colombia;73.5
Colombia;73.8
Colombia;74.3
Colombia;74.7
Colombia;75.0
Colombia;75.3
Colombia;75.6
Colombia;75.8
Colombia;76.0
Colombia;76.3
Colombia;76.5
Colombia;76.6
Colombia;76.7
Congo;54.4
Congo;55.1
Congo;55.9
Congo;57.0
Congo;58.1
Congo;58.9
Congo;59.6
Congo;60.4
Congo;61.1
Congo;61.7
Congo;62.0
Congo;62.3
Congo;62.7
Congo;63.0
Congo;63.2
Congo;63.6
Congo;63.8
Congo;64.1
Costa Rica;77.5
Costa Rica;78.0
Costa Rica;78.1
Costa Rica;78.3
Costa Rica;78.5
Costa Rica;78.5
Costa Rica;78.5
Costa Rica;78.4
Costa Rica;78.7
Costa Rica;78.7
Costa Rica;79.3
Costa Rica;79.3
Costa Rica;79.4
Costa Rica;78.8
Costa Rica;79.1
Costa Rica;79.5
Costa Rica;79.4
Costa Rica;79.5
Cote d'Ivoire;50.8
Cote d'Ivoire;50.9
Cote d'Ivoire;51.0
Cote d'Ivoire;51.4
Cote d'Ivoire;51.8
Cote d'Ivoire;52.4
Cote d'Ivoire;53.0
Cote d'Ivoire;53.7
Cote d'Ivoire;54.4
Cote d'Ivoire;55.0
Cote d'Ivoire;55.5
Cote d'Ivoire;56.2
Cote d'Ivoire;56.7
Cote d'Ivoire;57.2
Cote d'Ivoire;57.8
Cote d'Ivoire;58.1
Cote d'Ivoire;58.5
Cote d'Ivoire;58.8
Croatia;74.6
Croatia;74.7
Croatia;74.6
Croatia;75.5
Croatia;75.4
Croatia;76.0
Croatia;75.9
Croatia;76.2
Croatia;76.4
Croatia;76.8
Croatia;77.2
Croatia;77.3
Croatia;77.8
Croatia;78.0
Croatia;77.6
Croatia;78.2
Croatia;78.1
Croatia;78.3
Cuba;76.4
Cuba;76.6
Cuba;76.8
Cuba;76.9
Cuba;77.0
Cuba;77.2
Cuba;77.3
Cuba;77.4
Cuba;77.5
Cuba;77.7
Cuba;77.8
Cuba;77.8
Cuba;77.9
Cuba;77.9
Cuba;77.8
Cuba;77.6
Cuba;77.5
Cuba;77.5
Cyprus;77.0
Cyprus;77.5
Cyprus;77.8
Cyprus;77.9
Cyprus;78.1
Cyprus;78.4
Cyprus;78.8
Cyprus;79.0
Cyprus;79.4
Cyprus;79.7
Cyprus;80.0
Cyprus;80.1
Cyprus;80.4
Cyprus;80.8
Cyprus;81.0
Cyprus;81.1
Cyprus;81.3
Cyprus;81.4
Czechia;75.3
Czechia;75.4
Czechia;75.4
Czechia;75.9
Czechia;76.2
Czechia;76.7
Czechia;76.9
Czechia;77.2
Czechia;77.3
Czechia;77.6
Czechia;77.8
Czechia;78.0
Czechia;78.2
Czechia;78.8
Czechia;78.6
Czechia;79.0
Czechia;79.0
Czechia;79.0
Democratic Republic of Congo;52.1
Democratic Republic of Congo;52.3
Democratic Republic of Congo;52.8
Democratic Republic of Congo;53.4
Democratic Republic of Congo;53.9
Democratic Republic of Congo;54.5
Democratic Republic of Congo;54.9
Democratic Republic of Congo;55.3
Democratic Republic of Congo;55.8
Democratic Republic of Congo;56.4
Democratic Republic of Congo;57.1
Democratic Republic of Congo;57.2
Democratic Republic of Congo;57.8
Democratic Republic of Congo;58.3
Democratic Republic of Congo;58.5
Democratic Republic of Congo;59.1
Democratic Republic of Congo;59.4
Democratic Republic of Congo;59.9
Denmark;77.0
Denmark;77.1
Denmark;77.4
Denmark;77.8
Denmark;78.2
Denmark;78.2
Denmark;78.3
Denmark;78.7
Denmark;79.0
Denmark;79.2
Denmark;79.8
Denmark;80.1
Denmark;80.3
Denmark;80.6
Denmark;80.7
Denmark;80.9
Denmark;81.1
Denmark;81.0
Dominica;71.7
Dominica;72.3
Dominica;71.4
Dominica;72.4
Dominica;72.3
Dominica;72.8
Dominica;71.9
Dominica;73.3
Dominica;72.2
Dominica;71.5
Dominica;69.7
Dominica;70.5
Dominica;68.9
Dominica;69.4
Dominica;68.7
Dominica;70.1
Dominica;67.5
Dominica;73.6
Dominican Republic;69.6
Dominican Republic;69.9
Dominican Republic;70.3
Dominican Republic;70.3
Dominican Republic;70.9
Dominican Republic;71.2
Dominican Republic;71.4
Dominican Republic;71.7
Dominican Republic;71.9
Dominican Republic;72.1
Dominican Republic;72.2
Dominican Republic;72.5
Dominican Republic;72.7
Dominican Republic;72.9
Dominican Republic;73.0
Dominican Republic;73.0
Dominican Republic;73.1
Dominican Republic;73.2
East Timor;59.4
East Timor;60.1
East Timor;60.9
East Timor;61.6
East Timor;62.3
East Timor;63.1
East Timor;63.7
East Timor;64.3
East Timor;64.9
East Timor;65.3
East Timor;65.7
East Timor;66.1
East Timor;66.4
East Timor;66.8
East Timor;67.1
East Timor;67.4
East Timor;67.7
East Timor;68.0
Ecuador;73.2
Ecuador;73.6
Ecuador;74.0
Ecuador;74.3
Ecuador;74.5
Ecuador;74.7
Ecuador;74.8
Ecuador;75.0
Ecuador;75.2
Ecuador;75.4
Ecuador;75.7
Ecuador;76.1
Ecuador;76.4
Ecuador;76.6
Ecuador;76.8
Ecuador;76.8
Ecuador;77.0
Ecuador;77.1
Egypt;68.3
Egypt;68.6
Egypt;68.4
Egypt;68.6
Egypt;68.8
Egypt;69.0
Egypt;69.1
Egypt;69.3
Egypt;69.5
Egypt;69.7
Egypt;69.9
Egypt;70.1
Egypt;70.1
Egypt;70.4
Egypt;70.5
Egypt;70.8
Egypt;71.3
Egypt;71.4
El Salvador;69.6
El Salvador;70.2
El Salvador;70.1
El Salvador;70.3
El Salvador;70.4
El Salvador;70.8
El Salvador;71.1
El Salvador;71.4
El Salvador;71.6
El Salvador;71.8
El Salvador;71.9
El Salvador;71.8
El Salvador;71.8
El Salvador;71.7
El Salvador;71.8
El Salvador;72.0
El Salvador;72.3
El Salvador;72.6
Estonia;71.4
Estonia;71.9
Estonia;72.2
Estonia;72.6
Estonia;73.2
Estonia;73.5
Estonia;73.6
Estonia;74.4
Estonia;75.2
Estonia;75.7
Estonia;76.5
Estonia;76.5
Estonia;77.1
Estonia;77.1
Estonia;77.7
Estonia;77.8
Estonia;78.0
Estonia;78.1
Eswatini;46.0
Eswatini;44.5
Eswatini;43.3
Eswatini;42.5
Eswatini;42.1
Eswatini;43.1
Eswatini;43.6
Eswatini;44.2
Eswatini;44.6
Eswatini;46.6
Eswatini;48.2
Eswatini;49.8
Eswatini;51.5
Eswatini;53.0
Eswatini;55.0
Eswatini;56.7
Eswatini;57.9
Eswatini;59.4
Ethiopia;51.0
Ethiopia;51.5
Ethiopia;52.5
Ethiopia;53.2
Ethiopia;54.0
Ethiopia;55.1
Ethiopia;56.4
Ethiopia;57.6
Ethiopia;58.8
Ethiopia;59.7
Ethiopia;60.7
Ethiopia;61.5
Ethiopia;62.4
Ethiopia;62.9
Ethiopia;63.6
Ethiopia;64.4
Ethiopia;64.8
Ethiopia;65.4
Fiji;66.3
Fiji;65.7
Fiji;66.2
Fiji;66.4
Fiji;66.6
Fiji;66.9
Fiji;66.8
Fiji;66.9
Fiji;67.1
Fiji;67.3
Fiji;67.5
Fiji;67.6
Fiji;67.4
Fiji;67.4
Fiji;66.8
Fiji;67.2
Fiji;67.8
Fiji;67.8
Finland;78.1
Finland;78.3
Finland;78.5
Finland;78.8
Finland;79.0
Finland;79.4
Finland;79.4
Finland;79.7
Finland;79.8
Finland;80.0
Finland;80.4
Finland;80.5
Finland;80.9
Finland;81.0
Finland;81.4
Finland;81.3
Finland;81.5
Finland;81.6
France;79.2
France;79.4
France;79.4
France;80.3
France;80.3
France;80.7
France;81.0
France;81.0
France;81.2
France;81.4
France;81.8
France;81.8
France;82.0
France;82.5
France;82.2
France;82.4
France;82.5
France;82.6
French Polynesia;79.7
French Polynesia;79.7
French Polynesia;79.7
French Polynesia;79.7
French Polynesia;79.7
French Polynesia;79.8
French Polynesia;80.0
French Polynesia;80.3
French Polynesia;80.7
French Polynesia;81.0
French Polynesia;81.4
French Polynesia;81.8
French Polynesia;82.0
French Polynesia;82.2
French Polynesia;82.4
French Polynesia;82.5
French Polynesia;82.6
French Polynesia;82.8
Gabon;61.3
Gabon;61.3
Gabon;61.7
Gabon;61.8
Gabon;62.0
Gabon;62.4
Gabon;62.6
Gabon;63.1
Gabon;63.3
Gabon;63.9
Gabon;64.0
Gabon;64.6
Gabon;64.8
Gabon;65.0
Gabon;65.5
Gabon;65.8
Gabon;66.2
Gabon;66.3
Gambia;57.0
Gambia;57.1
Gambia;57.6
Gambia;58.1
Gambia;58.4
Gambia;59.1
Gambia;59.4
Gambia;60.1
Gambia;60.4
Gambia;60.7
Gambia;61.5
Gambia;62.1
Gambia;62.1
Gambia;62.3
Gambia;62.5
Gambia;63.0
Gambia;63.0
Gambia;63.0
Georgia;69.6
Georgia;70.0
Georgia;70.3
Georgia;70.6
Georgia;71.1
Georgia;71.4
Georgia;71.6
Georgia;71.3
Georgia;71.9
Georgia;72.1
Georgia;72.4
Georgia;72.4
Georgia;72.6
Georgia;73.1
Georgia;73.3
Georgia;73.6
Georgia;73.6
Georgia;73.3
Germany;78.4
Germany;78.5
Germany;78.5
Germany;79.1
Germany;79.3
Germany;79.6
Germany;79.7
Germany;79.8
Germany;79.9
Germany;80.1
Germany;80.4
Germany;80.5
Germany;80.5
Germany;80.9
Germany;80.6
Germany;80.8
Germany;80.9
Germany;81.2
Ghana;58.1
Ghana;58.6
Ghana;59.1
Ghana;59.2
Ghana;59.8
Ghana;60.0
Ghana;60.2
Ghana;60.5
Ghana;60.9
Ghana;61.2
Ghana;61.7
Ghana;62.1
Ghana;62.4
Ghana;63.0
Ghana;63.2
Ghana;63.9
Ghana;64.0
Ghana;64.1
Greece;78.8
Greece;79.0
Greece;79.0
Greece;79.3
Greece;79.6
Greece;79.7
Greece;79.6
Greece;80.0
Greece;80.3
Greece;80.5
Greece;80.5
Greece;80.3
Greece;81.0
Greece;81.0
Greece;80.7
Greece;81.2
Greece;80.9
Greece;81.4
Guatemala;67.9
Guatemala;68.4
Guatemala;68.8
Guatemala;69.2
Guatemala;69.2
Guatemala;69.8
Guatemala;70.1
Guatemala;70.4
Guatemala;70.6
Guatemala;70.9
Guatemala;71.2
Guatemala;71.5
Guatemala;71.7
Guatemala;72.0
Guatemala;72.1
Guatemala;72.4
Guatemala;72.6
Guatemala;72.7
Guyana;64.8
Guyana;64.7
Guyana;64.6
Guyana;64.9
Guyana;65.1
Guyana;65.7
Guyana;66.3
Guyana;66.3
Guyana;66.6
Guyana;66.7
Guyana;67.0
Guyana;67.2
Guyana;67.5
Guyana;67.9
Guyana;68.2
Guyana;68.4
Guyana;68.7
Guyana;68.9
Haiti;58.5
Haiti;58.9
Haiti;59.5
Haiti;58.5
Haiti;60.4
Haiti;60.8
Haiti;61.1
Haiti;61.3
Haiti;61.7
Haiti;46.0
Haiti;61.6
Haiti;62.3
Haiti;62.6
Haiti;63.0
Haiti;63.2
Haiti;63.4
Haiti;63.9
Haiti;64.0
Honduras;69.0
Honduras;69.4
Honduras;69.5
Honduras;69.8
Honduras;70.1
Honduras;70.3
Honduras;70.4
Honduras;70.4
Honduras;70.9
Honduras;71.1
Honduras;71.4
Honduras;71.7
Honduras;72.0
Honduras;72.3
Honduras;72.5
Honduras;72.6
Honduras;72.7
Honduras;72.8
Hong Kong;81.1
Hong Kong;81.3
Hong Kong;81.2
Hong Kong;81.4
Hong Kong;81.8
Hong Kong;82.0
Hong Kong;82.2
Hong Kong;82.4
Hong Kong;82.6
Hong Kong;83.0
Hong Kong;83.2
Hong Kong;83.6
Hong Kong;83.8
Hong Kong;84.1
Hong Kong;84.3
Hong Kong;84.5
Hong Kong;84.9
Hong Kong;85.2
Hungary;72.4
Hungary;72.5
Hungary;72.5
Hungary;72.9
Hungary;72.9
Hungary;73.3
Hungary;73.4
Hungary;74.0
Hungary;74.2
Hungary;74.5
Hungary;74.9
Hungary;75.2
Hungary;75.7
Hungary;75.8
Hungary;75.7
Hungary;76.2
Hungary;76.0
Hungary;76.2
Iceland;80.7
Iceland;80.5
Iceland;80.8
Iceland;81.0
Iceland;81.2
Iceland;81.2
Iceland;81.4
Iceland;81.4
Iceland;81.6
Iceland;81.7
Iceland;82.2
Iceland;82.6
Iceland;81.9
Iceland;82.6
Iceland;82.4
Iceland;82.0
Iceland;82.5
Iceland;82.8
India;63.1
India;63.6
India;64.1
India;64.5
India;65.0
India;65.4
India;65.8
India;66.1
India;66.5
India;66.9
India;67.4
India;67.9
India;68.5
India;69.1
India;69.6
India;70.1
India;70.5
India;70.7
Indonesia;66.8
Indonesia;67.1
Indonesia;67.4
Indonesia;65.8
Indonesia;67.6
Indonesia;67.9
Indonesia;68.2
Indonesia;68.2
Indonesia;68.5
Indonesia;68.7
Indonesia;68.8
Indonesia;69.0
Indonesia;69.3
Indonesia;69.5
Indonesia;69.7
Indonesia;69.8
Indonesia;69.9
Indonesia;70.3
Iran;70.0
Iran;70.4
Iran;69.8
Iran;71.4
Iran;71.8
Iran;72.3
Iran;72.8
Iran;72.6
Iran;72.7
Iran;73.1
Iran;73.7
Iran;74.2
Iran;74.4
Iran;74.8
Iran;75.1
Iran;75.6
Iran;76.0
Iran;76.2
Iraq;67.0
Iraq;67.1
Iraq;65.6
Iraq;65.0
Iraq;64.8
Iraq;63.6
Iraq;63.6
Iraq;64.9
Iraq;66.4
Iraq;67.1
Iraq;67.7
Iraq;68.0
Iraq;68.3
Iraq;68.9
Iraq;69.4
Iraq;69.0
Iraq;70.4
Iraq;71.5
Ireland;77.1
Ireland;77.6
Ireland;78.1
Ireland;78.5
Ireland;78.9
Ireland;79.2
Ireland;79.6
Ireland;79.8
Ireland;80.0
Ireland;80.5
Ireland;80.6
Ireland;80.8
Ireland;81.0
Ireland;81.3
Ireland;81.4
Ireland;81.5
Ireland;81.9
Ireland;82.1
Israel;79.3
Israel;79.3
Israel;79.6
Israel;80.1
Israel;80.2
Israel;80.5
Israel;80.7
Israel;81.1
Israel;81.6
Israel;81.7
Israel;81.7
Israel;81.7
Israel;82.1
Israel;82.2
Israel;82.1
Israel;82.5
Israel;82.7
Israel;82.8
Italy;79.9
Italy;80.1
Italy;80.2
Italy;81.0
Italy;81.0
Italy;81.4
Italy;81.5
Italy;81.6
Italy;81.8
Italy;82.1
Italy;82.2
Italy;82.3
Italy;82.7
Italy;82.9
Italy;82.5
Italy;83.0
Italy;82.7
Italy;83.2
Jamaica;70.8
Jamaica;70.9
Jamaica;70.8
Jamaica;70.9
Jamaica;71.0
Jamaica;71.2
Jamaica;71.4
Jamaica;71.6
Jamaica;72.1
Jamaica;72.6
Jamaica;73.1
Jamaica;73.4
Jamaica;73.4
Jamaica;73.0
Jamaica;72.4
Jamaica;72.0
Jamaica;71.9
Jamaica;71.8
Japan;81.5
Japan;81.8
Japan;81.9
Japan;82.1
Japan;82.0
Japan;82.4
Japan;82.6
Japan;82.6
Japan;83.0
Japan;82.9
Japan;82.7
Japan;83.2
Japan;83.4
Japan;83.7
Japan;83.9
Japan;84.1
Japan;84.2
Japan;84.3
Jordan;72.1
Jordan;72.4
Jordan;72.6
Jordan;72.8
Jordan;72.9
Jordan;73.1
Jordan;73.4
Jordan;73.6
Jordan;73.8
Jordan;74.0
Jordan;74.2
Jordan;74.4
Jordan;74.6
Jordan;74.8
Jordan;75.0
Jordan;75.2
Jordan;75.5
Jordan;75.8
Kazakhstan;64.4
Kazakhstan;64.3
Kazakhstan;64.6
Kazakhstan;64.9
Kazakhstan;65.1
Kazakhstan;65.6
Kazakhstan;65.9
Kazakhstan;66.7
Kazakhstan;67.3
Kazakhstan;68.1
Kazakhstan;68.7
Kazakhstan;69.1
Kazakhstan;69.8
Kazakhstan;70.3
Kazakhstan;70.7
Kazakhstan;70.9
Kazakhstan;71.4
Kazakhstan;71.5
Kenya;54.5
Kenya;55.0
Kenya;55.6
Kenya;56.4
Kenya;57.3
Kenya;58.2
Kenya;58.9
Kenya;59.6
Kenya;60.4
Kenya;60.6
Kenya;61.0
Kenya;61.1
Kenya;61.4
Kenya;61.8
Kenya;61.9
Kenya;62.2
Kenya;62.5
Kenya;62.7
Kiribati;64.7
Kiribati;64.8
Kiribati;65.0
Kiribati;65.0
Kiribati;65.0
Kiribati;64.9
Kiribati;64.8
Kiribati;64.8
Kiribati;64.9
Kiribati;65.0
Kiribati;65.2
Kiribati;65.4
Kiribati;65.6
Kiribati;65.8
Kiribati;66.1
Kiribati;66.3
Kiribati;66.6
Kiribati;66.9
Kuwait;76.9
Kuwait;77.0
Kuwait;77.0
Kuwait;76.8
Kuwait;76.9
Kuwait;76.9
Kuwait;77.0
Kuwait;77.1
Kuwait;77.4
Kuwait;78.0
Kuwait;78.5
Kuwait;78.8
Kuwait;79.2
Kuwait;79.4
Kuwait;79.6
Kuwait;79.7
Kuwait;79.8
Kuwait;79.7
Kyrgyzstan;65.8
Kyrgyzstan;65.9
Kyrgyzstan;66.2
Kyrgyzstan;66.3
Kyrgyzstan;66.4
Kyrgyzstan;66.8
Kyrgyzstan;67.0
Kyrgyzstan;67.2
Kyrgyzstan;67.8
Kyrgyzstan;68.3
Kyrgyzstan;68.6
Kyrgyzstan;69.0
Kyrgyzstan;69.2
Kyrgyzstan;69.9
Kyrgyzstan;70.0
Kyrgyzstan;70.3
Kyrgyzstan;70.6
Kyrgyzstan;70.7
Laos;59.1
Laos;59.5
Laos;60.0
Laos;60.3
Laos;61.0
Laos;61.5
Laos;62.1
Laos;62.6
Laos;63.3
Laos;64.0
Laos;64.7
Laos;65.4
Laos;65.7
Laos;66.4
Laos;66.7
Laos;67.2
Laos;67.4
Laos;67.6
Latvia;70.1
Latvia;70.4
Latvia;70.6
Latvia;70.9
Latvia;70.8
Latvia;70.9
Latvia;71.1
Latvia;72.0
Latvia;72.8
Latvia;73.0
Latvia;73.7
Latvia;73.7
Latvia;74.2
Latvia;74.4
Latvia;74.7
Latvia;74.8
Latvia;74.8
Latvia;75.0
Lebanon;74.4
Lebanon;75.1
Lebanon;75.6
Lebanon;76.0
Lebanon;76.3
Lebanon;76.1
Lebanon;77.1
Lebanon;77.6
Lebanon;77.9
Lebanon;78.2
Lebanon;78.4
Lebanon;78.6
Lebanon;78.8
Lebanon;79.0
Lebanon;79.2
Lebanon;79.5
Lebanon;79.7
Lebanon;79.7
Lesotho;46.8
Lesotho;45.6
Lesotho;44.5
Lesotho;43.7
Lesotho;43.2
Lesotho;42.9
Lesotho;43.1
Lesotho;43.6
Lesotho;44.0
Lesotho;45.6
Lesotho;46.7
Lesotho;47.8
Lesotho;49.0
Lesotho;50.0
Lesotho;51.1
Lesotho;52.3
Lesotho;53.1
Lesotho;53.7
Liberia;52.8
Liberia;53.8
Liberia;53.0
Liberia;56.0
Liberia;56.9
Liberia;57.6
Liberia;58.3
Liberia;58.8
Liberia;59.2
Liberia;59.4
Liberia;59.6
Liberia;59.9
Liberia;59.9
Liberia;59.1
Liberia;59.1
Liberia;60.4
Liberia;60.6
Liberia;60.9
Lithuania;71.8
Lithuania;71.8
Lithuania;72.1
Lithuania;72.2
Lithuania;71.7
Lithuania;71.6
Lithuania;71.5
Lithuania;72.4
Lithuania;73.2
Lithuania;73.4
Lithuania;73.9
Lithuania;74.2
Lithuania;74.3
Lithuania;74.8
Lithuania;74.6
Lithuania;74.9
Lithuania;75.4
Lithuania;75.7
Madagascar;58.6
Madagascar;58.9
Madagascar;59.5
Madagascar;60.1
Madagascar;60.6
Madagascar;61.3
Madagascar;61.8
Madagascar;62.1
Madagascar;62.7
Madagascar;62.9
Madagascar;63.5
Madagascar;63.5
Madagascar;64.0
Madagascar;64.3
Madagascar;64.3
Madagascar;65.0
Madagascar;65.1
Madagascar;65.3
Malawi;45.9
Malawi;47.2
Malawi;48.8
Malawi;50.5
Malawi;52.0
Malawi;53.2
Malawi;53.9
Malawi;54.6
Malawi;55.4
Malawi;56.4
Malawi;57.5
Malawi;58.7
Malawi;59.7
Malawi;60.9
Malawi;61.4
Malawi;62.2
Malawi;63.0
Malawi;63.3
Malaysia;73.3
Malaysia;73.6
Malaysia;73.8
Malaysia;73.9
Malaysia;74.1
Malaysia;74.2
Malaysia;74.2
Malaysia;74.3
Malaysia;74.2
Malaysia;74.4
Malaysia;74.7
Malaysia;74.9
Malaysia;75.0
Malaysia;75.1
Malaysia;75.1
Malaysia;75.3
Malaysia;75.5
Malaysia;75.6
Mali;51.3
Mali;52.2
Mali;52.9
Mali;53.5
Mali;54.0
Mali;54.6
Mali;54.9
Mali;55.3
Mali;55.9
Mali;56.4
Mali;56.8
Mali;57.1
Mali;57.4
Mali;57.9
Mali;58.4
Mali;58.7
Mali;59.1
Mali;59.4
Malta;79.0
Malta;78.5
Malta;78.8
Malta;79.2
Malta;79.6
Malta;79.8
Malta;80.1
Malta;80.1
Malta;80.7
Malta;81.8
Malta;81.1
Malta;81.4
Malta;82.0
Malta;82.7
Malta;83.0
Malta;83.1
Malta;83.6
Malta;83.3
Mauritius;71.9
Mauritius;72.0
Mauritius;72.3
Mauritius;72.5
Mauritius;72.7
Mauritius;72.9
Mauritius;73.1
Mauritius;73.3
Mauritius;73.6
Mauritius;74.0
Mauritius;74.2
Mauritius;74.4
Mauritius;74.7
Mauritius;74.9
Mauritius;75.0
Mauritius;75.0
Mauritius;74.9
Mauritius;74.9
Mexico;73.9
Mexico;74.1
Mexico;74.3
Mexico;74.4
Mexico;74.4
Mexico;74.3
Mexico;74.2
Mexico;74.2
Mexico;74.1
Mexico;74.2
Mexico;74.4
Mexico;74.6
Mexico;74.7
Mexico;74.8
Mexico;74.7
Mexico;74.4
Mexico;74.1
Mexico;74.0
Montenegro;74.2
Montenegro;74.0
Montenegro;74.1
Montenegro;74.7
Montenegro;74.3
Montenegro;74.0
Montenegro;74.5
Montenegro;75.3
Montenegro;75.3
Montenegro;76.1
Montenegro;76.1
Montenegro;76.3
Montenegro;76.6
Montenegro;76.7
Montenegro;76.8
Montenegro;76.7
Montenegro;76.9
Montenegro;77.2
Morocco;67.2
Morocco;67.5
Morocco;67.9
Morocco;68.2
Morocco;68.7
Morocco;69.1
Morocco;69.6
Morocco;70.0
Morocco;70.5
Morocco;70.8
Morocco;71.3
Morocco;71.7
Morocco;72.1
Morocco;72.5
Morocco;72.9
Morocco;73.3
Morocco;73.7
Morocco;74.0
Mozambique;50.1
Mozambique;50.6
Mozambique;50.9
Mozambique;51.2
Mozambique;51.6
Mozambique;52.0
Mozambique;52.6
Mozambique;53.2
Mozambique;53.8
Mozambique;54.2
Mozambique;54.9
Mozambique;55.6
Mozambique;56.5
Mozambique;57.3
Mozambique;58.2
Mozambique;59.0
Mozambique;59.8
Mozambique;60.5
Myanmar;60.4
Myanmar;60.7
Myanmar;61.0
Myanmar;61.2
Myanmar;61.6
Myanmar;61.9
Myanmar;62.4
Myanmar;56.5
Myanmar;63.2
Myanmar;63.3
Myanmar;63.9
Myanmar;64.1
Myanmar;64.8
Myanmar;65.1
Myanmar;65.6
Myanmar;65.7
Myanmar;65.8
Myanmar;66.5
Namibia;51.3
Namibia;51.3
Namibia;51.1
Namibia;51.2
Namibia;51.8
Namibia;52.7
Namibia;53.7
Namibia;54.7
Namibia;55.5
Namibia;56.0
Namibia;56.6
Namibia;57.6
Namibia;58.7
Namibia;59.8
Namibia;60.7
Namibia;61.7
Namibia;62.3
Namibia;62.6
Nepal;63.3
Nepal;63.3
Nepal;64.2
Nepal;64.8
Nepal;65.5
Nepal;65.9
Nepal;66.3
Nepal;66.4
Nepal;66.8
Nepal;66.8
Nepal;67.3
Nepal;67.5
Nepal;68.0
Nepal;68.1
Nepal;67.5
Nepal;68.8
Nepal;68.9
Nepal;69.0
Netherlands;78.3
Netherlands;78.4
Netherlands;78.7
Netherlands;79.2
Netherlands;79.5
Netherlands;79.8
Netherlands;80.2
Netherlands;80.4
Netherlands;80.7
Netherlands;80.8
Netherlands;81.1
Netherlands;81.0
Netherlands;81.3
Netherlands;81.6
Netherlands;81.5
Netherlands;81.5
Netherlands;81.7
Netherlands;81.8
New Caledonia;75.2
New Caledonia;75.6
New Caledonia;76.1
New Caledonia;76.5
New Caledonia;76.7
New Caledonia;77.0
New Caledonia;77.3
New Caledonia;77.6
New Caledonia;77.9
New Caledonia;78.2
New Caledonia;78.7
New Caledonia;79.2
New Caledonia;79.6
New Caledonia;79.2
New Caledonia;78.6
New Caledonia;79.0
New Caledonia;79.5
New Caledonia;79.9
New Zealand;78.7
New Zealand;78.9
New Zealand;79.2
New Zealand;79.4
New Zealand;80.1
New Zealand;80.0
New Zealand;80.2
New Zealand;80.3
New Zealand;80.6
New Zealand;81.1
New Zealand;80.9
New Zealand;81.2
New Zealand;81.7
New Zealand;81.8
New Zealand;82.0
New Zealand;82.1
New Zealand;82.2
New Zealand;82.4
Nicaragua;67.2
Nicaragua;67.2
Nicaragua;67.2
Nicaragua;67.4
Nicaragua;67.9
Nicaragua;68.7
Nicaragua;69.6
Nicaragua;70.6
Nicaragua;71.4
Nicaragua;72.0
Nicaragua;72.4
Nicaragua;72.6
Nicaragua;72.7
Nicaragua;72.8
Nicaragua;73.0
Nicaragua;73.3
Nicaragua;73.6
Nicaragua;73.8
Nigeria;47.6
Nigeria;47.9
Nigeria;48.4
Nigeria;48.8
Nigeria;49.3
Nigeria;49.7
Nigeria;50.0
Nigeria;50.2
Nigeria;50.7
Nigeria;50.9
Nigeria;51.4
Nigeria;51.5
Nigeria;51.7
Nigeria;51.8
Nigeria;51.8
Nigeria;52.0
Nigeria;52.3
Nigeria;52.6
North Korea;60.7
North Korea;60.8
North Korea;69.5
North Korea;69.4
North Korea;69.3
North Korea;69.1
North Korea;68.9
North Korea;69.0
North Korea;69.7
North Korea;70.4
North Korea;71.0
North Korea;71.6
North Korea;72.3
North Korea;72.9
North Korea;72.8
North Korea;72.8
North Korea;73.0
North Korea;73.0
North Macedonia;73.2
North Macedonia;73.1
North Macedonia;73.4
North Macedonia;73.8
North Macedonia;73.7
North Macedonia;74.0
North Macedonia;73.9
North Macedonia;74.5
North Macedonia;74.7
North Macedonia;75.1
North Macedonia;75.2
North Macedonia;75.1
North Macedonia;75.9
North Macedonia;75.9
North Macedonia;76.0
North Macedonia;76.0
North Macedonia;76.5
North Macedonia;77.3
Norway;78.9
Norway;79.0
Norway;79.5
Norway;80.0
Norway;80.2
Norway;80.4
Norway;80.5
Norway;80.7
Norway;80.9
Norway;81.0
Norway;81.2
Norway;81.4
Norway;81.7
Norway;82.1
Norway;82.3
Norway;82.4
Norway;82.6
Norway;82.8
Oman;73.8
Oman;73.9
Oman;74.1
Oman;74.3
Oman;74.4
Oman;74.5
Oman;74.5
Oman;74.6
Oman;74.7
Oman;76.3
Oman;76.6
Oman;77.1
Oman;77.2
Oman;77.4
Oman;77.7
Oman;77.9
Oman;77.9
Oman;78.0
Pakistan;62.4
Pakistan;62.6
Pakistan;62.8
Pakistan;63.1
Pakistan;62.5
Pakistan;63.7
Pakistan;63.9
Pakistan;64.0
Pakistan;64.1
Pakistan;64.4
Pakistan;64.6
Pakistan;64.8
Pakistan;65.1
Pakistan;65.3
Pakistan;65.7
Pakistan;65.9
Pakistan;66.3
Pakistan;66.5
Panama;74.4
Panama;74.8
Panama;75.2
Panama;75.5
Panama;75.8
Panama;76.0
Panama;76.2
Panama;76.2
Panama;76.3
Panama;76.4
Panama;76.6
Panama;76.8
Panama;77.0
Panama;77.2
Panama;77.5
Panama;77.7
Panama;77.8
Panama;77.9
Papua New Guinea;61.8
Papua New Guinea;61.7
Papua New Guinea;61.8
Papua New Guinea;61.8
Papua New Guinea;61.8
Papua New Guinea;61.9
Papua New Guinea;62.0
Papua New Guinea;62.6
Papua New Guinea;62.8
Papua New Guinea;63.0
Papua New Guinea;63.5
Papua New Guinea;63.7
Papua New Guinea;64.0
Papua New Guinea;64.3
Papua New Guinea;64.7
Papua New Guinea;64.8
Papua New Guinea;65.1
Papua New Guinea;65.2
Paraguay;69.9
Paraguay;70.0
Paraguay;70.3
Paraguay;70.5
Paraguay;70.5
Paraguay;70.8
Paraguay;71.1
Paraguay;71.4
Paraguay;71.6
Paraguay;71.9
Paraguay;72.1
Paraguay;72.5
Paraguay;72.8
Paraguay;72.9
Paraguay;73.2
Paraguay;73.5
Paraguay;73.6
Paraguay;73.6
Peru;71.0
Peru;71.7
Peru;72.2
Peru;72.7
Peru;73.0
Peru;73.2
Peru;73.2
Peru;73.4
Peru;73.5
Peru;73.7
Peru;74.1
Peru;74.5
Peru;75.0
Peru;75.3
Peru;75.6
Peru;75.8
Peru;75.9
Peru;76.0
Philippines;69.6
Philippines;69.8
Philippines;69.9
Philippines;70.0
Philippines;70.2
Philippines;70.3
Philippines;70.5
Philippines;70.6
Philippines;70.6
Philippines;70.8
Philippines;70.8
Philippines;70.9
Philippines;70.8
Philippines;71.2
Philippines;71.3
Philippines;71.4
Philippines;71.5
Philippines;71.7
Poland;74.2
Poland;74.6
Poland;74.7
Poland;75.0
Poland;75.1
Poland;75.3
Poland;75.3
Poland;75.6
Poland;75.8
Poland;76.3
Poland;76.7
Poland;76.7
Poland;77.0
Poland;77.6
Poland;77.4
Poland;77.8
Poland;77.7
Poland;77.6
Portugal;77.2
Portugal;77.4
Portugal;77.6
Portugal;78.4
Portugal;78.3
Portugal;79.1
Portugal;79.3
Portugal;79.6
Portugal;79.8
Portugal;80.0
Portugal;80.5
Portugal;80.5
Portugal;80.8
Portugal;81.2
Portugal;81.2
Portugal;81.2
Portugal;81.5
Portugal;81.4
Romania;71.3
Romania;70.7
Romania;69.8
Romania;69.5
Romania;70.6
Romania;71.5
Romania;72.5
Romania;73.6
Romania;74.0
Romania;74.0
Romania;74.4
Romania;74.4
Romania;75.0
Romania;74.9
Romania;74.8
Romania;75.2
Romania;76.0
Romania;76.2
Russia;65.4
Russia;65.1
Russia;65.3
Russia;65.9
Russia;66.1
Russia;67.3
Russia;68.2
Russia;68.5
Russia;69.2
Russia;69.4
Russia;70.4
Russia;70.8
Russia;71.3
Russia;71.6
Russia;72.1
Russia;72.7
Russia;73.4
Russia;73.5
Rwanda;49.0
Rwanda;51.0
Rwanda;53.4
Rwanda;55.5
Rwanda;57.3
Rwanda;58.7
Rwanda;60.0
Rwanda;61.1
Rwanda;62.0
Rwanda;62.5
Rwanda;63.3
Rwanda;64.0
Rwanda;64.4
Rwanda;64.9
Rwanda;65.3
Rwanda;65.7
Rwanda;65.9
Rwanda;66.3
Saint Vincent and the Grenadines;71.9
Saint Vincent and the Grenadines;72.2
Saint Vincent and the Grenadines;72.4
Saint Vincent and the Grenadines;73.0
Saint Vincent and the Grenadines;73.5
Saint Vincent and the Grenadines;74.0
Saint Vincent and the Grenadines;74.7
Saint Vincent and the Grenadines;75.1
Saint Vincent and the Grenadines;75.1
Saint Vincent and the Grenadines;74.7
Saint Vincent and the Grenadines;74.6
Saint Vincent and the Grenadines;74.1
Saint Vincent and the Grenadines;73.8
Saint Vincent and the Grenadines;74.5
Saint Vincent and the Grenadines;74.4
Saint Vincent and the Grenadines;74.3
Saint Vincent and the Grenadines;74.3
Saint Vincent and the Grenadines;74.1
Samoa;71.0
Samoa;71.3
Samoa;71.5
Samoa;71.7
Samoa;71.8
Samoa;72.0
Samoa;72.1
Samoa;72.2
Samoa;70.1
Samoa;72.2
Samoa;72.3
Samoa;72.2
Samoa;72.4
Samoa;72.5
Samoa;72.5
Samoa;72.5
Samoa;72.6
Samoa;72.6
Saudi Arabia;73.0
Saudi Arabia;73.3
Saudi Arabia;73.6
Saudi Arabia;74.2
Saudi Arabia;74.6
Saudi Arabia;74.8
Saudi Arabia;75.0
Saudi Arabia;75.3
Saudi Arabia;75.4
Saudi Arabia;75.8
Saudi Arabia;76.2
Saudi Arabia;76.5
Saudi Arabia;76.6
Saudi Arabia;76.8
Saudi Arabia;76.9
Saudi Arabia;77.1
Saudi Arabia;77.2
Saudi Arabia;77.2
Senegal;57.6
Senegal;58.2
Senegal;59.1
Senegal;60.0
Senegal;60.9
Senegal;61.8
Senegal;62.5
Senegal;63.2
Senegal;63.9
Senegal;64.6
Senegal;65.3
Senegal;65.5
Senegal;66.1
Senegal;66.5
Senegal;66.9
Senegal;67.5
Senegal;67.8
Senegal;68.1
Serbia;72.3
Serbia;72.3
Serbia;72.4
Serbia;72.6
Serbia;72.7
Serbia;73.4
Serbia;73.6
Serbia;73.9
Serbia;74.0
Serbia;74.4
Serbia;74.8
Serbia;75.1
Serbia;75.6
Serbia;75.7
Serbia;75.8
Serbia;76.3
Serbia;76.2
Serbia;76.5
Sierra Leone;45.7
Sierra Leone;46.4
Sierra Leone;47.0
Sierra Leone;47.6
Sierra Leone;48.2
Sierra Leone;49.3
Sierra Leone;50.4
Sierra Leone;51.5
Sierra Leone;52.6
Sierra Leone;53.7
Sierra Leone;54.6
Sierra Leone;55.5
Sierra Leone;56.3
Sierra Leone;56.4
Sierra Leone;57.2
Sierra Leone;58.4
Sierra Leone;58.7
Sierra Leone;59.8
Slovakia;73.6
Slovakia;73.8
Slovakia;73.8
Slovakia;74.2
Slovakia;74.2
Slovakia;74.4
Slovakia;74.5
Slovakia;74.9
Slovakia;75.2
Slovakia;75.5
Slovakia;76.0
Slovakia;76.2
Slovakia;76.5
Slovakia;76.8
Slovakia;76.6
Slovakia;77.2
Slovakia;77.2
Slovakia;77.3
Slovenia;76.5
Slovenia;76.8
Slovenia;76.7
Slovenia;77.5
Slovenia;77.7
Slovenia;78.4
Slovenia;78.6
Slovenia;79.1
Slovenia;79.3
Slovenia;79.7
Slovenia;80.0
Slovenia;80.1
Slovenia;80.3
Slovenia;80.9
Slovenia;80.8
Slovenia;81.2
Slovenia;81.1
Slovenia;81.4
Solomon Islands;67.4
Solomon Islands;67.5
Solomon Islands;67.6
Solomon Islands;67.8
Solomon Islands;67.9
Solomon Islands;68.1
Solomon Islands;68.0
Solomon Islands;68.4
Solomon Islands;68.5
Solomon Islands;68.7
Solomon Islands;68.9
Solomon Islands;69.1
Solomon Islands;69.2
Solomon Islands;69.2
Solomon Islands;69.6
Solomon Islands;69.8
Solomon Islands;70.0
Solomon Islands;70.2
South Africa;57.3
South Africa;55.7
South Africa;54.3
South Africa;54.0
South Africa;54.0
South Africa;54.3
South Africa;55.0
South Africa;56.0
South Africa;57.4
South Africa;58.9
South Africa;60.7
South Africa;61.8
South Africa;62.5
South Africa;63.4
South Africa;63.9
South Africa;64.7
South Africa;65.4
South Africa;65.7
South Korea;77.3
South Korea;77.5
South Korea;77.5
South Korea;78.0
South Korea;78.5
South Korea;79.1
South Korea;79.5
South Korea;80.0
South Korea;80.6
South Korea;80.8
South Korea;81.2
South Korea;81.3
South Korea;81.9
South Korea;82.4
South Korea;82.6
South Korea;82.9
South Korea;83.3
South Korea;83.3
Spain;79.7
Spain;79.8
Spain;79.8
Spain;80.3
Spain;80.3
Spain;81.0
Spain;81.0
Spain;81.3
Spain;81.6
Spain;82.0
Spain;82.2
Spain;82.2
Spain;82.7
Spain;82.9
Spain;82.6
Spain;83.0
Spain;83.0
Spain;83.1
Sri Lanka;70.8
Sri Lanka;71.1
Sri Lanka;71.4
Sri Lanka;67.1
Sri Lanka;72.1
Sri Lanka;72.0
Sri Lanka;72.0
Sri Lanka;71.7
Sri Lanka;69.2
Sri Lanka;73.2
Sri Lanka;73.4
Sri Lanka;73.9
Sri Lanka;74.2
Sri Lanka;74.7
Sri Lanka;74.9
Sri Lanka;75.3
Sri Lanka;75.4
Sri Lanka;75.7
Sudan;58.6
Sudan;59.0
Sudan;58.2
Sudan;56.8
Sudan;57.3
Sudan;60.3
Sudan;61.3
Sudan;61.2
Sudan;62.6
Sudan;63.0
Sudan;63.2
Sudan;63.8
Sudan;63.7
Sudan;64.3
Sudan;64.7
Sudan;64.8
Sudan;65.4
Sudan;65.7
Suriname;65.5
Suriname;65.5
Suriname;65.6
Suriname;66.4
Suriname;67.0
Suriname;67.6
Suriname;68.2
Suriname;68.8
Suriname;69.5
Suriname;69.9
Suriname;69.9
Suriname;69.8
Suriname;69.7
Suriname;69.8
Suriname;70.8
Suriname;71.6
Suriname;72.4
Suriname;72.6
Sweden;79.8
Sweden;79.9
Sweden;80.2
Sweden;80.5
Sweden;80.6
Sweden;80.8
Sweden;81.0
Sweden;81.1
Sweden;81.4
Sweden;81.5
Sweden;81.8
Sweden;81.7
Sweden;81.9
Sweden;82.2
Sweden;82.2
Sweden;82.3
Sweden;82.4
Sweden;82.5
Switzerland;80.3
Switzerland;80.4
Switzerland;80.5
Switzerland;81.1
Switzerland;81.2
Switzerland;81.5
Switzerland;81.7
Switzerland;82.0
Switzerland;82.0
Switzerland;82.3
Switzerland;82.6
Switzerland;82.6
Switzerland;82.7
Switzerland;83.1
Switzerland;82.8
Switzerland;83.4
Switzerland;83.4
Switzerland;83.6
Tanzania;53.2
Tanzania;53.9
Tanzania;54.9
Tanzania;55.6
Tanzania;56.3
Tanzania;56.9
Tanzania;57.5
Tanzania;58.1
Tanzania;58.9
Tanzania;60.1
Tanzania;61.0
Tanzania;62.0
Tanzania;63.0
Tanzania;63.9
Tanzania;64.7
Tanzania;65.4
Tanzania;66.0
Tanzania;66.5
Thailand;72.6
Thailand;72.9
Thailand;73.2
Thailand;73.1
Thailand;73.8
Thailand;74.9
Thailand;75.2
Thailand;75.5
Thailand;75.8
Thailand;76.1
Thailand;76.4
Thailand;76.8
Thailand;77.1
Thailand;77.4
Thailand;77.7
Thailand;78.0
Thailand;78.4
Thailand;78.7
Togo;54.9
Togo;55.3
Togo;55.6
Togo;55.6
Togo;56.0
Togo;56.2
Togo;56.5
Togo;56.7
Togo;57.0
Togo;57.3
Togo;57.9
Togo;58.1
Togo;58.7
Togo;58.9
Togo;59.4
Togo;59.6
Togo;60.2
Togo;60.2
Trinidad and Tobago;69.6
Trinidad and Tobago;70.5
Trinidad and Tobago;69.7
Trinidad and Tobago;71.1
Trinidad and Tobago;71.3
Trinidad and Tobago;71.3
Trinidad and Tobago;71.7
Trinidad and Tobago;71.5
Trinidad and Tobago;73.1
Trinidad and Tobago;72.7
Trinidad and Tobago;73.3
Trinidad and Tobago;73.7
Trinidad and Tobago;74.0
Trinidad and Tobago;74.2
Trinidad and Tobago;74.5
Trinidad and Tobago;74.3
Trinidad and Tobago;74.2
Trinidad and Tobago;73.8
Tunisia;73.8
Tunisia;74.1
Tunisia;74.3
Tunisia;74.5
Tunisia;74.8
Tunisia;74.9
Tunisia;75.1
Tunisia;75.2
Tunisia;75.3
Tunisia;75.4
Tunisia;75.5
Tunisia;75.5
Tunisia;75.7
Tunisia;75.6
Tunisia;75.7
Tunisia;75.8
Tunisia;75.8
Tunisia;76.0
Turkey;72.2
Turkey;72.6
Turkey;72.9
Turkey;73.2
Turkey;73.5
Turkey;73.8
Turkey;74.2
Turkey;74.5
Turkey;74.8
Turkey;75.1
Turkey;74.9
Turkey;75.7
Turkey;76.3
Turkey;76.6
Turkey;76.6
Turkey;76.7
Turkey;77.1
Turkey;77.6
Turkmenistan;65.2
Turkmenistan;65.4
Turkmenistan;65.7
Turkmenistan;66.1
Turkmenistan;66.1
Turkmenistan;66.5
Turkmenistan;66.9
Turkmenistan;67.4
Turkmenistan;68.0
Turkmenistan;68.3
Turkmenistan;68.6
Turkmenistan;68.7
Turkmenistan;68.7
Turkmenistan;68.6
Turkmenistan;68.8
Turkmenistan;68.8
Turkmenistan;68.9
Turkmenistan;68.8
Ukraine;68.2
Ukraine;68.2
Ukraine;68.2
Ukraine;68.4
Ukraine;68.2
Ukraine;68.7
Ukraine;68.8
Ukraine;69.1
Ukraine;70.2
Ukraine;70.6
Ukraine;71.4
Ukraine;71.6
Ukraine;71.9
Ukraine;72.6
Ukraine;73.5
Ukraine;74.3
Ukraine;74.7
Ukraine;74.4
United Arab Emirates;74.6
United Arab Emirates;74.9
United Arab Emirates;76.2
United Arab Emirates;76.5
United Arab Emirates;76.7
United Arab Emirates;76.9
United Arab Emirates;77.1
United Arab Emirates;77.5
United Arab Emirates;78.0
United Arab Emirates;78.3
United Arab Emirates;78.5
United Arab Emirates;78.7
United Arab Emirates;78.9
United Arab Emirates;79.0
United Arab Emirates;79.2
United Arab Emirates;79.3
United Arab Emirates;79.5
United Arab Emirates;79.6
United Kingdom;78.1
United Kingdom;78.2
United Kingdom;78.3
United Kingdom;78.9
United Kingdom;79.1
United Kingdom;79.4
United Kingdom;79.5
United Kingdom;79.7
United Kingdom;80.2
United Kingdom;80.4
United Kingdom;80.8
United Kingdom;80.9
United Kingdom;80.9
United Kingdom;81.2
United Kingdom;80.9
United Kingdom;81.1
United Kingdom;81.2
United Kingdom;81.1
United States;76.9
United States;77.0
United States;77.2
United States;77.6
United States;77.6
United States;77.8
United States;78.1
United States;78.2
United States;78.6
United States;78.8
United States;78.8
United States;78.9
United States;79.0
United States;79.0
United States;78.9
United States;78.8
United States;78.8
United States;79.0
Uruguay;75.3
Uruguay;75.5
Uruguay;75.8
Uruguay;76.0
Uruguay;76.2
Uruguay;76.4
Uruguay;76.5
Uruguay;76.6
Uruguay;76.7
Uruguay;76.9
Uruguay;77.0
Uruguay;77.1
Uruguay;77.2
Uruguay;77.4
Uruguay;77.5
Uruguay;77.6
Uruguay;77.6
Uruguay;77.6
Uzbekistan;66.1
Uzbekistan;66.6
Uzbekistan;67.0
Uzbekistan;67.4
Uzbekistan;67.5
Uzbekistan;67.9
Uzbekistan;68.3
Uzbekistan;68.8
Uzbekistan;68.9
Uzbekistan;69.2
Uzbekistan;69.6
Uzbekistan;69.9
Uzbekistan;70.0
Uzbekistan;70.2
Uzbekistan;70.5
Uzbekistan;70.8
Uzbekistan;71.0
Uzbekistan;71.1
Vanuatu;69.0
Vanuatu;69.2
Vanuatu;69.3
Vanuatu;69.3
Vanuatu;69.4
Vanuatu;69.5
Vanuatu;69.5
Vanuatu;69.6
Vanuatu;69.7
Vanuatu;69.6
Vanuatu;69.6
Vanuatu;69.5
Vanuatu;69.5
Vanuatu;69.5
Vanuatu;69.5
Vanuatu;69.6
Vanuatu;69.7
Vanuatu;69.8
Venezuela;71.2
Venezuela;72.7
Venezuela;71.9
Venezuela;72.5
Venezuela;72.8
Venezuela;72.7
Venezuela;73.1
Venezuela;72.4
Venezuela;72.6
Venezuela;72.9
Venezuela;72.9
Venezuela;73.0
Venezuela;73.2
Venezuela;72.9
Venezuela;73.0
Venezuela;72.1
Venezuela;71.9
Venezuela;72.0
Vietnam;72.6
Vietnam;72.8
Vietnam;73.0
Vietnam;73.1
Vietnam;73.3
Vietnam;73.3
Vietnam;73.4
Vietnam;73.4
Vietnam;73.5
Vietnam;73.5
Vietnam;73.7
Vietnam;73.7
Vietnam;73.8
Vietnam;73.9
Vietnam;73.9
Vietnam;73.9
Vietnam;74.0
Vietnam;74.0
Yemen;63.2
Yemen;63.9
Yemen;64.5
Yemen;65.0
Yemen;65.5
Yemen;66.0
Yemen;66.6
Yemen;67.0
Yemen;67.2
Yemen;67.3
Yemen;67.4
Yemen;67.3
Yemen;67.5
Yemen;67.4
Yemen;65.9
Yemen;66.1
Yemen;66.0
Yemen;64.6
